﻿<?xml version="1.0" encoding="utf-8"?>
<Item_Info>  
  <ItemName>Neurology-3plex</ItemName>
  <Marker1></Marker1>  
  <Marker2></Marker2>  
  <Marker3>pTau231</Marker3>  
  <Marker4></Marker4>  
  <Marker5>pTau181</Marker5>  
  <Marker6></Marker6>  
  <Marker7>Tau</Marker7>  
  <Marker8></Marker8>    
  <TotalTime>115</TotalTime>
  <Unit1></Unit1>
  <Unit2></Unit2>
  <Unit3>pg/ml</Unit3>
  <Unit4></Unit4>
  <Unit5>pg/ml</Unit5>
  <Unit6></Unit6>
  <Unit7>pg/ml</Unit7>
  <Unit8></Unit8>
</Item_Info>
