﻿<?xml version="1.0" encoding="utf-8"?>
<Item_Info>  
  <ItemName>Respiratory-Virus-1Step</ItemName>
  <Marker1>COVID-19</Marker1>  
  <Marker2></Marker2>  
  <Marker3>Influenza-B</Marker3>  
  <Marker4></Marker4>  
  <Marker5>Influenza-A</Marker5>  
  <Marker6></Marker6>  
  <Marker7>Calibration</Marker7>  
  <Marker8></Marker8>    
  <TotalTime>47</TotalTime>
  <Unit1>TCID50/ml</Unit1>
  <Unit2></Unit2>
  <Unit3>TCID50/ml</Unit3>
  <Unit4></Unit4>
  <Unit5>TCID50/ml</Unit5>
  <Unit6></Unit6>
  <Unit7>TCID50/ml</Unit7>
  <Unit8></Unit8>
</Item_Info>
