<!DOCTYPE Item_Info>
<Item_Info>
 <ItemName>Respiratory-Virus</ItemName>
 <Marker1>COVID-19</Marker1>
 <Unit1>TCID50/ml</Unit1>
 <Marker2></Marker2>
 <Unit2></Unit2>
 <Marker3>Influenza-B</Marker3>
 <Unit3>TCID50/ml</Unit3>
 <Marker4></Marker4>
 <Unit4></Unit4>
 <Marker5>Influenza-A</Marker5>
 <Unit5>TCID50/ml</Unit5>
 <Marker6></Marker6>
 <Unit6></Unit6>
 <Marker7>Calibration</Marker7>
 <Unit7>TCID50/ml</Unit7>
 <TotalTime>65</TotalTime>
 <Pixelcut_bottom>20</Pixelcut_bottom>
 <Pixelcut_top>20</Pixelcut_top>
</Item_Info>
